{"cameraMode":{"drawMode":0,"name":"Shaded","section":"Shading Mode"},"sceneLighting":false,"audioPlay":false,"sceneViewState":{"m_AlwaysRefresh":false,"showFog":true,"showSkybox":true,"showFlares":true,"showImageEffects":true,"showParticleSystems":true,"showVisualEffectGraphs":true,"m_FxEnabled":true},"in2DMode":false,"pivot":{"x":350.9892272949219,"y":142.80850219726563,"z":-54.28759765625},"rotation":{"x":0.06744322180747986,"y":0.013468889519572258,"z":-0.0009105312637984753,"w":0.9976403713226318},"size":150.02487182617188,"orthographic":false}